,ID,Calories Burn,Dream Weight,Actual Weight,Age,Duration,Heart Rate,BMI,Exercise Intensity
ID,1.0,-0.011486583175628633,-0.0011330084375363444,-0.0011434595560472047,0.005883500362433449,0.021633917597042907,0.004483890928257583,0.002055386640469196,-0.002695974530944339
Calories Burn,-0.011486583175628633,1.0,0.007946601751821844,0.006680408547621458,-0.00014548419996061787,0.014628979768098963,-0.023930578600872693,0.008455222852683712,0.007601521147206095
Dream Weight,-0.0011330084375363444,0.007946601751821844,1.0,0.8754491971129187,0.004405066330401225,0.010709795729488422,-0.0006588921119281598,0.0013270240734815462,-0.00011538641059152
Actual Weight,-0.0011434595560472047,0.006680408547621458,0.8754491971129187,1.0,0.002358254137851842,0.013657729674078077,-0.00110462514283352,-0.0021564141194075123,-0.0019488581147520006
Age,0.005883500362433449,-0.00014548419996061787,0.004405066330401225,0.002358254137851842,1.0,-0.004233999130772531,-0.0059966462607474,-0.0018438393618494338,0.004623329332389053
Duration,0.021633917597042907,0.014628979768098963,0.010709795729488422,0.013657729674078077,-0.004233999130772531,1.0,0.010296075447464552,0.013858762165605863,0.01663900128191774
Heart Rate,0.004483890928257583,-0.023930578600872693,-0.0006588921119281598,-0.00110462514283352,-0.0059966462607474,0.010296075447464552,1.0,0.010663481895745872,-0.003300309950560408
BMI,0.002055386640469196,0.008455222852683712,0.0013270240734815462,-0.0021564141194075123,-0.0018438393618494338,0.013858762165605863,0.010663481895745872,1.0,-0.014774403669999386
Exercise Intensity,-0.002695974530944339,0.007601521147206095,-0.00011538641059152,-0.0019488581147520006,0.004623329332389053,0.01663900128191774,-0.003300309950560408,-0.014774403669999386,1.0
